step,file,tensor,orientation,rows,cols,cells,dense_bytes,distinct_nonzero_values,singleton_terminals,minimum_symbol_width,minimum_dictionary_and_singleton_bytes,bound_ratio,rejected_95pct,current_uint32_terminal_overflow,positive_zero_cells
100,model.safetensors,blocks.0.attn.c_k.weight,original,512,512,262144,1048576,261670,262142,27,1931474,1.8419971466064453,True,False,0
100,model.safetensors,blocks.0.attn.c_k.weight,transposed,512,512,262144,1048576,261670,262140,27,1931467,1.8419904708862305,True,False,0
100,model.safetensors,blocks.0.attn.c_proj.weight,original,512,512,262144,1048576,261646,262140,27,1931371,1.8418989181518555,True,False,0
100,model.safetensors,blocks.0.attn.c_proj.weight,transposed,512,512,262144,1048576,261646,262144,27,1931384,1.8419113159179688,True,False,0
100,model.safetensors,blocks.0.attn.c_q.weight,original,512,512,262144,1048576,261631,262140,27,1931311,1.841841697692871,True,False,0
100,model.safetensors,blocks.0.attn.c_q.weight,transposed,512,512,262144,1048576,261631,262144,27,1931324,1.8418540954589844,True,False,0
100,model.safetensors,blocks.0.attn.c_v.weight,original,512,512,262144,1048576,261680,262142,27,1931514,1.8420352935791016,True,False,0
100,model.safetensors,blocks.0.attn.c_v.weight,transposed,512,512,262144,1048576,261680,262144,27,1931520,1.842041015625,True,False,0
100,model.safetensors,blocks.0.mlp.c_fc.weight,original,2048,512,1048576,4194304,1041312,1048550,29,7966306,1.899315357208252,True,False,0
100,model.safetensors,blocks.0.mlp.c_fc.weight,transposed,512,2048,1048576,4194304,1041312,1048570,31,8228521,1.9618322849273682,True,False,0
100,model.safetensors,blocks.0.mlp.c_proj.weight,original,512,2048,1048576,4194304,1041391,1048570,31,8228837,1.9619076251983643,True,False,0
100,model.safetensors,blocks.0.mlp.c_proj.weight,transposed,2048,512,1048576,4194304,1041391,1048550,29,7966622,1.899390697479248,True,False,0
100,model.safetensors,blocks.1.attn.c_k.weight,original,512,512,262144,1048576,261652,262144,27,1931408,1.8419342041015625,True,False,0
100,model.safetensors,blocks.1.attn.c_k.weight,transposed,512,512,262144,1048576,261652,262140,27,1931395,1.8419218063354492,True,False,0
100,model.safetensors,blocks.1.attn.c_proj.weight,original,512,512,262144,1048576,261668,262144,27,1931472,1.8419952392578125,True,False,0
100,model.safetensors,blocks.1.attn.c_proj.weight,transposed,512,512,262144,1048576,261668,262144,27,1931472,1.8419952392578125,True,False,0
100,model.safetensors,blocks.1.attn.c_q.weight,original,512,512,262144,1048576,261660,262140,27,1931427,1.8419523239135742,True,False,0
100,model.safetensors,blocks.1.attn.c_q.weight,transposed,512,512,262144,1048576,261660,262142,27,1931434,1.841958999633789,True,False,0
100,model.safetensors,blocks.1.attn.c_v.weight,original,512,512,262144,1048576,261647,262140,27,1931375,1.841902732849121,True,False,0
100,model.safetensors,blocks.1.attn.c_v.weight,transposed,512,512,262144,1048576,261647,262140,27,1931375,1.841902732849121,True,False,0
100,model.safetensors,blocks.1.attn.ve_gate.weight,original,4,32,128,512,128,128,13,784,1.53125,True,False,0
100,model.safetensors,blocks.1.attn.ve_gate.weight,transposed,32,4,128,512,128,128,10,736,1.4375,True,False,0
100,model.safetensors,blocks.1.mlp.c_fc.weight,original,2048,512,1048576,4194304,1041439,1048548,29,7966807,1.8994348049163818,True,False,0
100,model.safetensors,blocks.1.mlp.c_fc.weight,transposed,512,2048,1048576,4194304,1041439,1048570,31,8229029,1.9619534015655518,True,False,0
100,model.safetensors,blocks.1.mlp.c_proj.weight,original,512,2048,1048576,4194304,1041965,1048574,31,8231149,1.962458848953247,True,False,0
100,model.safetensors,blocks.1.mlp.c_proj.weight,transposed,2048,512,1048576,4194304,1041965,1048554,29,7968933,1.8999416828155518,True,False,0
100,model.safetensors,blocks.2.attn.c_k.weight,original,512,512,262144,1048576,261662,262140,27,1931435,1.8419599533081055,True,False,0
100,model.safetensors,blocks.2.attn.c_k.weight,transposed,512,512,262144,1048576,261662,262142,27,1931442,1.8419666290283203,True,False,0
100,model.safetensors,blocks.2.attn.c_proj.weight,original,512,512,262144,1048576,261640,262142,27,1931354,1.8418827056884766,True,False,0
100,model.safetensors,blocks.2.attn.c_proj.weight,transposed,512,512,262144,1048576,261640,262144,27,1931360,1.841888427734375,True,False,0
100,model.safetensors,blocks.2.attn.c_q.weight,original,512,512,262144,1048576,261643,262138,27,1931352,1.8418807983398438,True,False,0
100,model.safetensors,blocks.2.attn.c_q.weight,transposed,512,512,262144,1048576,261643,262144,27,1931372,1.8418998718261719,True,False,0
100,model.safetensors,blocks.2.attn.c_v.weight,original,512,512,262144,1048576,261696,262144,27,1931584,1.84210205078125,True,False,0
100,model.safetensors,blocks.2.attn.c_v.weight,transposed,512,512,262144,1048576,261696,262140,27,1931571,1.8420896530151367,True,False,0
100,model.safetensors,blocks.2.mlp.c_fc.weight,original,2048,512,1048576,4194304,1041393,1048544,29,7966608,1.8993873596191406,True,False,0
100,model.safetensors,blocks.2.mlp.c_fc.weight,transposed,512,2048,1048576,4194304,1041393,1048568,31,8228837,1.9619076251983643,True,False,0
100,model.safetensors,blocks.2.mlp.c_proj.weight,original,512,2048,1048576,4194304,1042257,1048564,31,8232278,1.9627280235290527,True,False,0
100,model.safetensors,blocks.2.mlp.c_proj.weight,transposed,2048,512,1048576,4194304,1042257,1048564,29,7970137,1.90022873878479,True,False,0
100,model.safetensors,blocks.3.attn.c_k.weight,original,512,512,262144,1048576,261680,262142,27,1931514,1.8420352935791016,True,False,0
100,model.safetensors,blocks.3.attn.c_k.weight,transposed,512,512,262144,1048576,261680,262142,27,1931514,1.8420352935791016,True,False,0
100,model.safetensors,blocks.3.attn.c_proj.weight,original,512,512,262144,1048576,261649,262142,27,1931390,1.8419170379638672,True,False,0
100,model.safetensors,blocks.3.attn.c_proj.weight,transposed,512,512,262144,1048576,261649,262144,27,1931396,1.8419227600097656,True,False,0
100,model.safetensors,blocks.3.attn.c_q.weight,original,512,512,262144,1048576,261655,262142,27,1931414,1.841939926147461,True,False,0
100,model.safetensors,blocks.3.attn.c_q.weight,transposed,512,512,262144,1048576,261655,262138,27,1931400,1.8419265747070312,True,False,0
100,model.safetensors,blocks.3.attn.c_v.weight,original,512,512,262144,1048576,261628,262142,27,1931306,1.841836929321289,True,False,0
100,model.safetensors,blocks.3.attn.c_v.weight,transposed,512,512,262144,1048576,261628,262144,27,1931312,1.8418426513671875,True,False,0
100,model.safetensors,blocks.3.attn.ve_gate.weight,original,4,32,128,512,128,128,13,784,1.53125,True,False,0
100,model.safetensors,blocks.3.attn.ve_gate.weight,transposed,32,4,128,512,128,128,10,736,1.4375,True,False,0
100,model.safetensors,blocks.3.mlp.c_fc.weight,original,2048,512,1048576,4194304,1041326,1048548,29,7966355,1.899327039718628,True,False,0
100,model.safetensors,blocks.3.mlp.c_fc.weight,transposed,512,2048,1048576,4194304,1041326,1048566,31,8228562,1.9618420600891113,True,False,0
100,model.safetensors,blocks.3.mlp.c_proj.weight,original,512,2048,1048576,4194304,1042266,1048566,31,8232322,1.9627385139465332,True,False,0
100,model.safetensors,blocks.3.mlp.c_proj.weight,transposed,2048,512,1048576,4194304,1042266,1048554,29,7970137,1.90022873878479,True,False,0
100,model.safetensors,blocks.4.attn.c_k.weight,original,512,512,262144,1048576,261683,262144,27,1931532,1.8420524597167969,True,False,0
100,model.safetensors,blocks.4.attn.c_k.weight,transposed,512,512,262144,1048576,261683,262144,27,1931532,1.8420524597167969,True,False,0
100,model.safetensors,blocks.4.attn.c_proj.weight,original,512,512,262144,1048576,261655,262142,27,1931414,1.841939926147461,True,False,0
100,model.safetensors,blocks.4.attn.c_proj.weight,transposed,512,512,262144,1048576,261655,262142,27,1931414,1.841939926147461,True,False,0
100,model.safetensors,blocks.4.attn.c_q.weight,original,512,512,262144,1048576,261639,262138,27,1931336,1.8418655395507812,True,False,0
100,model.safetensors,blocks.4.attn.c_q.weight,transposed,512,512,262144,1048576,261639,262144,27,1931356,1.8418846130371094,True,False,0
100,model.safetensors,blocks.4.attn.c_v.weight,original,512,512,262144,1048576,261664,262144,27,1931456,1.84197998046875,True,False,0
100,model.safetensors,blocks.4.attn.c_v.weight,transposed,512,512,262144,1048576,261664,262142,27,1931450,1.8419742584228516,True,False,0
100,model.safetensors,blocks.4.mlp.c_fc.weight,original,2048,512,1048576,4194304,1041255,1048554,29,7966093,1.8992645740509033,True,False,0
100,model.safetensors,blocks.4.mlp.c_fc.weight,transposed,512,2048,1048576,4194304,1041255,1048572,31,8228301,1.9617798328399658,True,False,0
100,model.safetensors,blocks.4.mlp.c_proj.weight,original,512,2048,1048576,4194304,1042300,1048574,31,8232489,1.9627783298492432,True,False,0
100,model.safetensors,blocks.4.mlp.c_proj.weight,transposed,2048,512,1048576,4194304,1042300,1048548,29,7970251,1.9002559185028076,True,False,0
100,model.safetensors,blocks.5.attn.c_k.weight,original,512,512,262144,1048576,261648,262144,27,1931392,1.8419189453125,True,False,0
100,model.safetensors,blocks.5.attn.c_k.weight,transposed,512,512,262144,1048576,261648,262142,27,1931386,1.8419132232666016,True,False,0
100,model.safetensors,blocks.5.attn.c_proj.weight,original,512,512,262144,1048576,261680,262144,27,1931520,1.842041015625,True,False,0
100,model.safetensors,blocks.5.attn.c_proj.weight,transposed,512,512,262144,1048576,261680,262138,27,1931500,1.8420219421386719,True,False,0
100,model.safetensors,blocks.5.attn.c_q.weight,original,512,512,262144,1048576,261674,262140,27,1931483,1.842005729675293,True,False,0
100,model.safetensors,blocks.5.attn.c_q.weight,transposed,512,512,262144,1048576,261674,262140,27,1931483,1.842005729675293,True,False,0
100,model.safetensors,blocks.5.attn.c_v.weight,original,512,512,262144,1048576,261620,262144,27,1931280,1.8418121337890625,True,False,0
100,model.safetensors,blocks.5.attn.c_v.weight,transposed,512,512,262144,1048576,261620,262144,27,1931280,1.8418121337890625,True,False,0
100,model.safetensors,blocks.5.attn.ve_gate.weight,original,4,32,128,512,128,128,13,784,1.53125,True,False,0
100,model.safetensors,blocks.5.attn.ve_gate.weight,transposed,32,4,128,512,128,128,10,736,1.4375,True,False,0
100,model.safetensors,blocks.5.mlp.c_fc.weight,original,2048,512,1048576,4194304,1041255,1048564,29,7966129,1.899273157119751,True,False,0
100,model.safetensors,blocks.5.mlp.c_fc.weight,transposed,512,2048,1048576,4194304,1041255,1048570,31,8228293,1.961777925491333,True,False,0
100,model.safetensors,blocks.5.mlp.c_proj.weight,original,512,2048,1048576,4194304,1042478,1048570,31,8233185,1.9629442691802979,True,False,0
100,model.safetensors,blocks.5.mlp.c_proj.weight,transposed,2048,512,1048576,4194304,1042478,1048554,29,7970985,1.9004309177398682,True,False,0
100,model.safetensors,blocks.6.attn.c_k.weight,original,512,512,262144,1048576,261660,262144,27,1931440,1.8419647216796875,True,False,0
100,model.safetensors,blocks.6.attn.c_k.weight,transposed,512,512,262144,1048576,261660,262144,27,1931440,1.8419647216796875,True,False,0
100,model.safetensors,blocks.6.attn.c_proj.weight,original,512,512,262144,1048576,261692,262142,27,1931562,1.842081069946289,True,False,0
100,model.safetensors,blocks.6.attn.c_proj.weight,transposed,512,512,262144,1048576,261692,262138,27,1931548,1.8420677185058594,True,False,0
100,model.safetensors,blocks.6.attn.c_q.weight,original,512,512,262144,1048576,261638,262140,27,1931339,1.8418684005737305,True,False,0
100,model.safetensors,blocks.6.attn.c_q.weight,transposed,512,512,262144,1048576,261638,262144,27,1931352,1.8418807983398438,True,False,0
100,model.safetensors,blocks.6.attn.c_v.weight,original,512,512,262144,1048576,261670,262140,27,1931467,1.8419904708862305,True,False,0
100,model.safetensors,blocks.6.attn.c_v.weight,transposed,512,512,262144,1048576,261670,262144,27,1931480,1.8420028686523438,True,False,0
100,model.safetensors,blocks.6.mlp.c_fc.weight,original,2048,512,1048576,4194304,1041259,1048548,29,7966087,1.8992631435394287,True,False,0
100,model.safetensors,blocks.6.mlp.c_fc.weight,transposed,512,2048,1048576,4194304,1041259,1048568,31,8228301,1.9617798328399658,True,False,0
100,model.safetensors,blocks.6.mlp.c_proj.weight,original,512,2048,1048576,4194304,1042479,1048564,31,8233166,1.962939739227295,True,False,0
100,model.safetensors,blocks.6.mlp.c_proj.weight,transposed,2048,512,1048576,4194304,1042479,1048564,29,7971025,1.9004404544830322,True,False,0
100,model.safetensors,blocks.7.attn.c_k.weight,original,512,512,262144,1048576,261639,262142,27,1931350,1.841878890991211,True,False,0
100,model.safetensors,blocks.7.attn.c_k.weight,transposed,512,512,262144,1048576,261639,262140,27,1931343,1.841872215270996,True,False,0
100,model.safetensors,blocks.7.attn.c_proj.weight,original,512,512,262144,1048576,261712,262144,27,1931648,1.8421630859375,True,False,0
100,model.safetensors,blocks.7.attn.c_proj.weight,transposed,512,512,262144,1048576,261712,262138,27,1931628,1.8421440124511719,True,False,0
100,model.safetensors,blocks.7.attn.c_q.weight,original,512,512,262144,1048576,261638,262142,27,1931346,1.8418750762939453,True,False,0
100,model.safetensors,blocks.7.attn.c_q.weight,transposed,512,512,262144,1048576,261638,262138,27,1931332,1.8418617248535156,True,False,0
100,model.safetensors,blocks.7.attn.c_v.weight,original,512,512,262144,1048576,261644,262140,27,1931363,1.8418912887573242,True,False,0
100,model.safetensors,blocks.7.attn.c_v.weight,transposed,512,512,262144,1048576,261644,262142,27,1931370,1.841897964477539,True,False,0
100,model.safetensors,blocks.7.attn.ve_gate.weight,original,4,32,128,512,128,128,13,784,1.53125,True,False,0
100,model.safetensors,blocks.7.attn.ve_gate.weight,transposed,32,4,128,512,128,128,10,736,1.4375,True,False,0
100,model.safetensors,blocks.7.mlp.c_fc.weight,original,2048,512,1048576,4194304,1041235,1048554,29,7966013,1.8992455005645752,True,False,0
100,model.safetensors,blocks.7.mlp.c_fc.weight,transposed,512,2048,1048576,4194304,1041235,1048570,31,8228213,1.9617588520050049,True,False,0
100,model.safetensors,blocks.7.mlp.c_proj.weight,original,512,2048,1048576,4194304,1042531,1048566,31,8233382,1.9629912376403809,True,False,0
100,model.safetensors,blocks.7.mlp.c_proj.weight,transposed,2048,512,1048576,4194304,1042531,1048550,29,7971182,1.9004778861999512,True,False,0
100,model.safetensors,lm_head.weight,original,32768,512,16777216,67108864,14087817,16748383,33,125438412,1.8691779971122742,True,True,0
100,model.safetensors,lm_head.weight,transposed,512,32768,16777216,67108864,14087817,16776892,39,138138681,2.0584267526865005,True,True,0
100,model.safetensors,value_embeds.1.weight,original,32768,512,16777216,67108864,15122195,16770084,33,129665441,1.9321656376123428,True,True,0
100,model.safetensors,value_embeds.1.weight,transposed,512,32768,16777216,67108864,15122195,16777032,39,142276875,2.1200906485319138,True,True,0
100,model.safetensors,value_embeds.3.weight,original,32768,512,16777216,67108864,15192713,16770328,33,129948519,1.9363838285207748,True,True,0
100,model.safetensors,value_embeds.3.weight,transposed,512,32768,16777216,67108864,15192713,16777014,39,142558860,2.124292552471161,True,True,0
100,model.safetensors,value_embeds.5.weight,original,32768,512,16777216,67108864,15205197,16770441,33,129998922,1.9371348917484283,True,True,0
100,model.safetensors,value_embeds.5.weight,transposed,512,32768,16777216,67108864,15205197,16777050,39,142608971,2.125039264559746,True,True,0
100,model.safetensors,value_embeds.7.weight,original,32768,512,16777216,67108864,15223241,16770516,33,130071407,1.9382150024175644,True,True,0
100,model.safetensors,value_embeds.7.weight,transposed,512,32768,16777216,67108864,15223241,16777032,39,142681059,2.126113459467888,True,True,0
100,model.safetensors,wte.weight,original,32768,512,16777216,67108864,14969954,16769741,33,129055062,1.9230702817440033,True,True,0
100,model.safetensors,wte.weight,transposed,512,32768,16777216,67108864,14969954,16777058,39,141668038,2.111018270254135,True,True,0
100,optimizer.safetensors,adam.lm_head.weight.m,original,32768,512,16777216,67108864,15782397,16760683,33,132267470,1.970938891172409,True,True,0
100,optimizer.safetensors,adam.lm_head.weight.m,transposed,512,32768,16777216,67108864,15782397,16777066,39,144917849,2.1594442278146744,True,True,0
100,optimizer.safetensors,adam.lm_head.weight.v,original,32768,512,16777216,67108864,15574080,16767271,33,131461377,1.9589271694421768,True,True,0
100,optimizer.safetensors,adam.lm_head.weight.v,transposed,512,32768,16777216,67108864,15574080,16776978,39,144084152,2.147021174430847,True,True,0
100,optimizer.safetensors,adam.value_embeds.1.weight.m,original,32768,512,16777216,67108864,14116726,14727665,33,117218587,1.7466930598020554,True,True,2046976
100,optimizer.safetensors,adam.value_embeds.1.weight.m,transposed,512,32768,16777216,67108864,14116726,14729938,39,128275416,1.9114526510238647,True,True,2046976
100,optimizer.safetensors,adam.value_embeds.1.weight.v,original,32768,512,16777216,67108864,13423385,14724600,33,114432579,1.7051783055067062,True,True,2046976
100,optimizer.safetensors,adam.value_embeds.1.weight.v,transposed,512,32768,16777216,67108864,13423385,14729912,39,125501925,1.870124414563179,True,True,2046976
100,optimizer.safetensors,adam.value_embeds.3.weight.m,original,32768,512,16777216,67108864,14149651,14727838,33,117351000,1.7486661672592163,True,True,2046976
100,optimizer.safetensors,adam.value_embeds.3.weight.m,transposed,512,32768,16777216,67108864,14149651,14730034,39,128407584,1.9134221076965332,True,True,2046976
100,optimizer.safetensors,adam.value_embeds.3.weight.v,original,32768,512,16777216,67108864,13535314,14724932,33,114881665,1.7118702083826065,True,True,2046976
100,optimizer.safetensors,adam.value_embeds.3.weight.v,transposed,512,32768,16777216,67108864,13535314,14729990,39,125950022,1.8768015801906586,True,True,2046976
100,optimizer.safetensors,adam.value_embeds.5.weight.m,original,32768,512,16777216,67108864,14145811,14727896,33,117335879,1.7484408468008041,True,True,2046976
100,optimizer.safetensors,adam.value_embeds.5.weight.m,transposed,512,32768,16777216,67108864,14145811,14730012,39,128392117,1.913191631436348,True,True,2046976
100,optimizer.safetensors,adam.value_embeds.5.weight.v,original,32768,512,16777216,67108864,13521724,14724708,33,114826381,1.7110464125871658,True,True,2046976
100,optimizer.safetensors,adam.value_embeds.5.weight.v,transposed,512,32768,16777216,67108864,13521724,14729962,39,125895525,1.8759895116090775,True,True,2046976
100,optimizer.safetensors,adam.value_embeds.7.weight.m,original,32768,512,16777216,67108864,14180041,14727748,33,117472189,1.7504720240831375,True,True,2046976
100,optimizer.safetensors,adam.value_embeds.7.weight.m,transposed,512,32768,16777216,67108864,14180041,14730032,39,128529134,1.9152333438396454,True,True,2046976
100,optimizer.safetensors,adam.value_embeds.7.weight.v,original,32768,512,16777216,67108864,13668330,14725220,33,115414917,1.7198162823915482,True,True,2046976
100,optimizer.safetensors,adam.value_embeds.7.weight.v,transposed,512,32768,16777216,67108864,13668330,14730008,39,126482173,1.8847312480211258,True,True,2046976
100,optimizer.safetensors,adam.wte.weight.m,original,32768,512,16777216,67108864,14086100,14756636,33,117215588,1.746648371219635,True,True,2017792
100,optimizer.safetensors,adam.wte.weight.m,transposed,512,32768,16777216,67108864,14086100,14759116,39,128295155,1.91174678504467,True,True,2017792
100,optimizer.safetensors,adam.wte.weight.v,original,32768,512,16777216,67108864,13224532,14752735,33,113753224,1.6950551271438599,True,True,2017792
100,optimizer.safetensors,adam.wte.weight.v,transposed,512,32768,16777216,67108864,13224532,14759114,39,124848873,1.8603931814432144,True,True,2017792
100,optimizer.safetensors,muon.blocks.0.attn.c_k.weight,original,512,512,262144,1048576,261631,262142,27,1931318,1.841848373413086,True,False,0
100,optimizer.safetensors,muon.blocks.0.attn.c_k.weight,transposed,512,512,262144,1048576,261631,262142,27,1931318,1.841848373413086,True,False,0
100,optimizer.safetensors,muon.blocks.0.attn.c_proj.weight,original,512,512,262144,1048576,261634,262142,27,1931330,1.8418598175048828,True,False,0
100,optimizer.safetensors,muon.blocks.0.attn.c_proj.weight,transposed,512,512,262144,1048576,261634,262140,27,1931323,1.841853141784668,True,False,0
100,optimizer.safetensors,muon.blocks.0.attn.c_q.weight,original,512,512,262144,1048576,261625,262142,27,1931294,1.8418254852294922,True,False,0
100,optimizer.safetensors,muon.blocks.0.attn.c_q.weight,transposed,512,512,262144,1048576,261625,262142,27,1931294,1.8418254852294922,True,False,0
100,optimizer.safetensors,muon.blocks.0.attn.c_v.weight,original,512,512,262144,1048576,261660,262138,27,1931420,1.8419456481933594,True,False,0
100,optimizer.safetensors,muon.blocks.0.attn.c_v.weight,transposed,512,512,262144,1048576,261660,262142,27,1931434,1.841958999633789,True,False,0
100,optimizer.safetensors,muon.blocks.0.mlp.c_fc.weight,original,2048,512,1048576,4194304,1041929,1048560,29,7968810,1.8999123573303223,True,False,0
100,optimizer.safetensors,muon.blocks.0.mlp.c_fc.weight,transposed,512,2048,1048576,4194304,1041929,1048566,31,8230974,1.9624171257019043,True,False,0
100,optimizer.safetensors,muon.blocks.0.mlp.c_proj.weight,original,512,2048,1048576,4194304,1041900,1048564,31,8230850,1.9623875617980957,True,False,0
100,optimizer.safetensors,muon.blocks.0.mlp.c_proj.weight,transposed,2048,512,1048576,4194304,1041900,1048552,29,7968665,1.8998777866363525,True,False,0
100,optimizer.safetensors,muon.blocks.1.attn.c_k.weight,original,512,512,262144,1048576,261773,262144,27,1931892,1.8423957824707031,True,False,0
100,optimizer.safetensors,muon.blocks.1.attn.c_k.weight,transposed,512,512,262144,1048576,261773,262138,27,1931872,1.842376708984375,True,False,0
100,optimizer.safetensors,muon.blocks.1.attn.c_proj.weight,original,512,512,262144,1048576,261764,262140,27,1931843,1.8423490524291992,True,False,0
100,optimizer.safetensors,muon.blocks.1.attn.c_proj.weight,transposed,512,512,262144,1048576,261764,262140,27,1931843,1.8423490524291992,True,False,0
100,optimizer.safetensors,muon.blocks.1.attn.c_q.weight,original,512,512,262144,1048576,261781,262142,27,1931918,1.8424205780029297,True,False,0
100,optimizer.safetensors,muon.blocks.1.attn.c_q.weight,transposed,512,512,262144,1048576,261781,262144,27,1931924,1.8424263000488281,True,False,0
100,optimizer.safetensors,muon.blocks.1.attn.c_v.weight,original,512,512,262144,1048576,261770,262144,27,1931880,1.8423843383789062,True,False,0
100,optimizer.safetensors,muon.blocks.1.attn.c_v.weight,transposed,512,512,262144,1048576,261770,262144,27,1931880,1.8423843383789062,True,False,0
100,optimizer.safetensors,muon.blocks.1.attn.ve_gate.weight,original,4,32,128,512,128,128,13,784,1.53125,True,False,0
100,optimizer.safetensors,muon.blocks.1.attn.ve_gate.weight,transposed,32,4,128,512,128,128,10,736,1.4375,True,False,0
100,optimizer.safetensors,muon.blocks.1.mlp.c_fc.weight,original,2048,512,1048576,4194304,1043641,1048562,29,7975666,1.9015469551086426,True,False,0
100,optimizer.safetensors,muon.blocks.1.mlp.c_fc.weight,transposed,512,2048,1048576,4194304,1043641,1048568,31,8237829,1.9640514850616455,True,False,0
100,optimizer.safetensors,muon.blocks.1.mlp.c_proj.weight,original,512,2048,1048576,4194304,1043303,1048568,31,8236477,1.9637291431427002,True,False,0
100,optimizer.safetensors,muon.blocks.1.mlp.c_proj.weight,transposed,2048,512,1048576,4194304,1043303,1048558,29,7974299,1.9012210369110107,True,False,0
100,optimizer.safetensors,muon.blocks.2.attn.c_k.weight,original,512,512,262144,1048576,261718,262142,27,1931666,1.8421802520751953,True,False,0
100,optimizer.safetensors,muon.blocks.2.attn.c_k.weight,transposed,512,512,262144,1048576,261718,262144,27,1931672,1.8421859741210938,True,False,0
100,optimizer.safetensors,muon.blocks.2.attn.c_proj.weight,original,512,512,262144,1048576,261737,262140,27,1931735,1.8422460556030273,True,False,0
100,optimizer.safetensors,muon.blocks.2.attn.c_proj.weight,transposed,512,512,262144,1048576,261737,262140,27,1931735,1.8422460556030273,True,False,0
100,optimizer.safetensors,muon.blocks.2.attn.c_q.weight,original,512,512,262144,1048576,261682,262142,27,1931522,1.8420429229736328,True,False,0
100,optimizer.safetensors,muon.blocks.2.attn.c_q.weight,transposed,512,512,262144,1048576,261682,262142,27,1931522,1.8420429229736328,True,False,0
100,optimizer.safetensors,muon.blocks.2.attn.c_v.weight,original,512,512,262144,1048576,261738,262142,27,1931746,1.8422565460205078,True,False,0
100,optimizer.safetensors,muon.blocks.2.attn.c_v.weight,transposed,512,512,262144,1048576,261738,262142,27,1931746,1.8422565460205078,True,False,0
100,optimizer.safetensors,muon.blocks.2.mlp.c_fc.weight,original,2048,512,1048576,4194304,1043894,1048550,29,7976634,1.901777744293213,True,False,0
100,optimizer.safetensors,muon.blocks.2.mlp.c_fc.weight,transposed,512,2048,1048576,4194304,1043894,1048570,31,8238849,1.964294672012329,True,False,0
100,optimizer.safetensors,muon.blocks.2.mlp.c_proj.weight,original,512,2048,1048576,4194304,1043528,1048568,31,8237377,1.9639437198638916,True,False,0
100,optimizer.safetensors,muon.blocks.2.mlp.c_proj.weight,transposed,2048,512,1048576,4194304,1043528,1048550,29,7975170,1.9014286994934082,True,False,0
100,optimizer.safetensors,muon.blocks.3.attn.c_k.weight,original,512,512,262144,1048576,261787,262140,27,1931935,1.8424367904663086,True,False,0
100,optimizer.safetensors,muon.blocks.3.attn.c_k.weight,transposed,512,512,262144,1048576,261787,262144,27,1931948,1.8424491882324219,True,False,0
100,optimizer.safetensors,muon.blocks.3.attn.c_proj.weight,original,512,512,262144,1048576,261751,262142,27,1931798,1.842306137084961,True,False,0
100,optimizer.safetensors,muon.blocks.3.attn.c_proj.weight,transposed,512,512,262144,1048576,261751,262142,27,1931798,1.842306137084961,True,False,0
100,optimizer.safetensors,muon.blocks.3.attn.c_q.weight,original,512,512,262144,1048576,261781,262142,27,1931918,1.8424205780029297,True,False,0
100,optimizer.safetensors,muon.blocks.3.attn.c_q.weight,transposed,512,512,262144,1048576,261781,262144,27,1931924,1.8424263000488281,True,False,0
100,optimizer.safetensors,muon.blocks.3.attn.c_v.weight,original,512,512,262144,1048576,261737,262144,27,1931748,1.8422584533691406,True,False,0
100,optimizer.safetensors,muon.blocks.3.attn.c_v.weight,transposed,512,512,262144,1048576,261737,262142,27,1931742,1.8422527313232422,True,False,0
100,optimizer.safetensors,muon.blocks.3.attn.ve_gate.weight,original,4,32,128,512,128,128,13,784,1.53125,True,False,0
100,optimizer.safetensors,muon.blocks.3.attn.ve_gate.weight,transposed,32,4,128,512,128,128,10,736,1.4375,True,False,0
100,optimizer.safetensors,muon.blocks.3.mlp.c_fc.weight,original,2048,512,1048576,4194304,1043878,1048562,29,7976614,1.9017729759216309,True,False,0
100,optimizer.safetensors,muon.blocks.3.mlp.c_fc.weight,transposed,512,2048,1048576,4194304,1043878,1048568,31,8238777,1.9642775058746338,True,False,0
100,optimizer.safetensors,muon.blocks.3.mlp.c_proj.weight,original,512,2048,1048576,4194304,1043386,1048562,31,8236786,1.9638028144836426,True,False,0
100,optimizer.safetensors,muon.blocks.3.mlp.c_proj.weight,transposed,2048,512,1048576,4194304,1043386,1048562,29,7974646,1.901303768157959,True,False,0
100,optimizer.safetensors,muon.blocks.4.attn.c_k.weight,original,512,512,262144,1048576,261803,262142,27,1932006,1.8425045013427734,True,False,0
100,optimizer.safetensors,muon.blocks.4.attn.c_k.weight,transposed,512,512,262144,1048576,261803,262142,27,1932006,1.8425045013427734,True,False,0
100,optimizer.safetensors,muon.blocks.4.attn.c_proj.weight,original,512,512,262144,1048576,261820,262142,27,1932074,1.842569351196289,True,False,0
100,optimizer.safetensors,muon.blocks.4.attn.c_proj.weight,transposed,512,512,262144,1048576,261820,262142,27,1932074,1.842569351196289,True,False,0
100,optimizer.safetensors,muon.blocks.4.attn.c_q.weight,original,512,512,262144,1048576,261780,262144,27,1931920,1.8424224853515625,True,False,0
100,optimizer.safetensors,muon.blocks.4.attn.c_q.weight,transposed,512,512,262144,1048576,261780,262142,27,1931914,1.842416763305664,True,False,0
100,optimizer.safetensors,muon.blocks.4.attn.c_v.weight,original,512,512,262144,1048576,261802,262138,27,1931988,1.8424873352050781,True,False,0
100,optimizer.safetensors,muon.blocks.4.attn.c_v.weight,transposed,512,512,262144,1048576,261802,262140,27,1931995,1.842494010925293,True,False,0
100,optimizer.safetensors,muon.blocks.4.mlp.c_fc.weight,original,2048,512,1048576,4194304,1043511,1048552,29,7975109,1.901414155960083,True,False,0
100,optimizer.safetensors,muon.blocks.4.mlp.c_fc.weight,transposed,512,2048,1048576,4194304,1043511,1048560,31,8237278,1.9639201164245605,True,False,0
100,optimizer.safetensors,muon.blocks.4.mlp.c_proj.weight,original,512,2048,1048576,4194304,1043279,1048564,31,8236366,1.96370267868042,True,False,0
100,optimizer.safetensors,muon.blocks.4.mlp.c_proj.weight,transposed,2048,512,1048576,4194304,1043279,1048554,29,7974189,1.9011948108673096,True,False,0
100,optimizer.safetensors,muon.blocks.5.attn.c_k.weight,original,512,512,262144,1048576,261795,262142,27,1931974,1.8424739837646484,True,False,0
100,optimizer.safetensors,muon.blocks.5.attn.c_k.weight,transposed,512,512,262144,1048576,261795,262142,27,1931974,1.8424739837646484,True,False,0
100,optimizer.safetensors,muon.blocks.5.attn.c_proj.weight,original,512,512,262144,1048576,261790,262144,27,1931960,1.8424606323242188,True,False,0
100,optimizer.safetensors,muon.blocks.5.attn.c_proj.weight,transposed,512,512,262144,1048576,261790,262144,27,1931960,1.8424606323242188,True,False,0
100,optimizer.safetensors,muon.blocks.5.attn.c_q.weight,original,512,512,262144,1048576,261786,262144,27,1931944,1.8424453735351562,True,False,0
100,optimizer.safetensors,muon.blocks.5.attn.c_q.weight,transposed,512,512,262144,1048576,261786,262142,27,1931938,1.8424396514892578,True,False,0
100,optimizer.safetensors,muon.blocks.5.attn.c_v.weight,original,512,512,262144,1048576,261791,262138,27,1931944,1.8424453735351562,True,False,0
100,optimizer.safetensors,muon.blocks.5.attn.c_v.weight,transposed,512,512,262144,1048576,261791,262136,27,1931937,1.8424386978149414,True,False,0
100,optimizer.safetensors,muon.blocks.5.attn.ve_gate.weight,original,4,32,128,512,128,128,13,784,1.53125,True,False,0
100,optimizer.safetensors,muon.blocks.5.attn.ve_gate.weight,transposed,32,4,128,512,128,128,10,736,1.4375,True,False,0
100,optimizer.safetensors,muon.blocks.5.mlp.c_fc.weight,original,2048,512,1048576,4194304,1043512,1048549,29,7975103,1.9014127254486084,True,False,1
100,optimizer.safetensors,muon.blocks.5.mlp.c_fc.weight,transposed,512,2048,1048576,4194304,1043512,1048565,31,8237302,1.963925838470459,True,False,1
100,optimizer.safetensors,muon.blocks.5.mlp.c_proj.weight,original,512,2048,1048576,4194304,1043060,1048572,31,8235521,1.963501214981079,True,False,0
100,optimizer.safetensors,muon.blocks.5.mlp.c_proj.weight,transposed,2048,512,1048576,4194304,1043060,1048552,29,7973305,1.9009840488433838,True,False,0
100,optimizer.safetensors,muon.blocks.6.attn.c_k.weight,original,512,512,262144,1048576,261783,262144,27,1931932,1.8424339294433594,True,False,0
100,optimizer.safetensors,muon.blocks.6.attn.c_k.weight,transposed,512,512,262144,1048576,261783,262142,27,1931926,1.842428207397461,True,False,0
100,optimizer.safetensors,muon.blocks.6.attn.c_proj.weight,original,512,512,262144,1048576,261763,262142,27,1931846,1.8423519134521484,True,False,0
100,optimizer.safetensors,muon.blocks.6.attn.c_proj.weight,transposed,512,512,262144,1048576,261763,262140,27,1931839,1.8423452377319336,True,False,0
100,optimizer.safetensors,muon.blocks.6.attn.c_q.weight,original,512,512,262144,1048576,261769,262142,27,1931870,1.8423748016357422,True,False,0
100,optimizer.safetensors,muon.blocks.6.attn.c_q.weight,transposed,512,512,262144,1048576,261769,262138,27,1931856,1.8423614501953125,True,False,0
100,optimizer.safetensors,muon.blocks.6.attn.c_v.weight,original,512,512,262144,1048576,261805,262140,27,1932007,1.8425054550170898,True,False,0
100,optimizer.safetensors,muon.blocks.6.attn.c_v.weight,transposed,512,512,262144,1048576,261805,262142,27,1932014,1.8425121307373047,True,False,0
100,optimizer.safetensors,muon.blocks.6.mlp.c_fc.weight,original,2048,512,1048576,4194304,1043395,1048550,29,7974638,1.9013018608093262,True,False,0
100,optimizer.safetensors,muon.blocks.6.mlp.c_fc.weight,transposed,512,2048,1048576,4194304,1043395,1048562,31,8236822,1.9638113975524902,True,False,0
100,optimizer.safetensors,muon.blocks.6.mlp.c_proj.weight,original,512,2048,1048576,4194304,1043059,1048570,31,8235509,1.9634983539581299,True,False,0
100,optimizer.safetensors,muon.blocks.6.mlp.c_proj.weight,transposed,2048,512,1048576,4194304,1043059,1048558,29,7973323,1.9009883403778076,True,False,0
100,optimizer.safetensors,muon.blocks.7.attn.c_k.weight,original,512,512,262144,1048576,261746,262144,27,1931784,1.8422927856445312,True,False,0
100,optimizer.safetensors,muon.blocks.7.attn.c_k.weight,transposed,512,512,262144,1048576,261746,262140,27,1931771,1.842280387878418,True,False,0
100,optimizer.safetensors,muon.blocks.7.attn.c_proj.weight,original,512,512,262144,1048576,261787,262142,27,1931942,1.8424434661865234,True,False,0
100,optimizer.safetensors,muon.blocks.7.attn.c_proj.weight,transposed,512,512,262144,1048576,261787,262144,27,1931948,1.8424491882324219,True,False,0
100,optimizer.safetensors,muon.blocks.7.attn.c_q.weight,original,512,512,262144,1048576,261792,262142,27,1931962,1.8424625396728516,True,False,0
100,optimizer.safetensors,muon.blocks.7.attn.c_q.weight,transposed,512,512,262144,1048576,261792,262142,27,1931962,1.8424625396728516,True,False,0
100,optimizer.safetensors,muon.blocks.7.attn.c_v.weight,original,512,512,262144,1048576,261790,262144,27,1931960,1.8424606323242188,True,False,0
100,optimizer.safetensors,muon.blocks.7.attn.c_v.weight,transposed,512,512,262144,1048576,261790,262140,27,1931947,1.8424482345581055,True,False,0
100,optimizer.safetensors,muon.blocks.7.attn.ve_gate.weight,original,4,32,128,512,128,128,13,784,1.53125,True,False,0
100,optimizer.safetensors,muon.blocks.7.attn.ve_gate.weight,transposed,32,4,128,512,128,128,10,736,1.4375,True,False,0
100,optimizer.safetensors,muon.blocks.7.mlp.c_fc.weight,original,2048,512,1048576,4194304,1043364,1048552,29,7974521,1.9012739658355713,True,False,0
100,optimizer.safetensors,muon.blocks.7.mlp.c_fc.weight,transposed,512,2048,1048576,4194304,1043364,1048568,31,8236721,1.963787317276001,True,False,0
100,optimizer.safetensors,muon.blocks.7.mlp.c_proj.weight,original,512,2048,1048576,4194304,1043105,1048565,31,8235674,1.9635376930236816,True,False,1
100,optimizer.safetensors,muon.blocks.7.mlp.c_proj.weight,transposed,2048,512,1048576,4194304,1043105,1048547,29,7973467,1.9010226726531982,True,False,1
1000,model.safetensors,blocks.0.attn.c_k.weight,original,512,512,262144,1048576,261713,262138,27,1931632,1.8421478271484375,True,False,0
1000,model.safetensors,blocks.0.attn.c_k.weight,transposed,512,512,262144,1048576,261713,262144,27,1931652,1.8421669006347656,True,False,0
1000,model.safetensors,blocks.0.attn.c_proj.weight,original,512,512,262144,1048576,261664,262142,27,1931450,1.8419742584228516,True,False,0
1000,model.safetensors,blocks.0.attn.c_proj.weight,transposed,512,512,262144,1048576,261664,262140,27,1931443,1.8419675827026367,True,False,0
1000,model.safetensors,blocks.0.attn.c_q.weight,original,512,512,262144,1048576,261686,262140,27,1931531,1.8420515060424805,True,False,0
1000,model.safetensors,blocks.0.attn.c_q.weight,transposed,512,512,262144,1048576,261686,262142,27,1931538,1.8420581817626953,True,False,0
1000,model.safetensors,blocks.0.attn.c_v.weight,original,512,512,262144,1048576,261676,262144,27,1931504,1.8420257568359375,True,False,0
1000,model.safetensors,blocks.0.attn.c_v.weight,transposed,512,512,262144,1048576,261676,262144,27,1931504,1.8420257568359375,True,False,0
1000,model.safetensors,blocks.0.mlp.c_fc.weight,original,2048,512,1048576,4194304,1041555,1048548,29,7967271,1.899545431137085,True,False,0
1000,model.safetensors,blocks.0.mlp.c_fc.weight,transposed,512,2048,1048576,4194304,1041555,1048572,31,8229501,1.9620659351348877,True,False,0
1000,model.safetensors,blocks.0.mlp.c_proj.weight,original,512,2048,1048576,4194304,1041648,1048576,31,8229888,1.962158203125,True,False,0
1000,model.safetensors,blocks.0.mlp.c_proj.weight,transposed,2048,512,1048576,4194304,1041648,1048540,29,7967614,1.8996272087097168,True,False,0
1000,model.safetensors,blocks.1.attn.c_k.weight,original,512,512,262144,1048576,261675,262142,27,1931494,1.8420162200927734,True,False,0
1000,model.safetensors,blocks.1.attn.c_k.weight,transposed,512,512,262144,1048576,261675,262142,27,1931494,1.8420162200927734,True,False,0
1000,model.safetensors,blocks.1.attn.c_proj.weight,original,512,512,262144,1048576,261692,262144,27,1931568,1.8420867919921875,True,False,0
1000,model.safetensors,blocks.1.attn.c_proj.weight,transposed,512,512,262144,1048576,261692,262142,27,1931562,1.842081069946289,True,False,0
1000,model.safetensors,blocks.1.attn.c_q.weight,original,512,512,262144,1048576,261666,262144,27,1931464,1.8419876098632812,True,False,0
1000,model.safetensors,blocks.1.attn.c_q.weight,transposed,512,512,262144,1048576,261666,262144,27,1931464,1.8419876098632812,True,False,0
1000,model.safetensors,blocks.1.attn.c_v.weight,original,512,512,262144,1048576,261707,262142,27,1931622,1.8421382904052734,True,False,0
1000,model.safetensors,blocks.1.attn.c_v.weight,transposed,512,512,262144,1048576,261707,262140,27,1931615,1.8421316146850586,True,False,0
1000,model.safetensors,blocks.1.attn.ve_gate.weight,original,4,32,128,512,128,128,13,784,1.53125,True,False,0
1000,model.safetensors,blocks.1.attn.ve_gate.weight,transposed,32,4,128,512,128,128,10,736,1.4375,True,False,0
1000,model.safetensors,blocks.1.mlp.c_fc.weight,original,2048,512,1048576,4194304,1042391,1048554,29,7970637,1.9003479480743408,True,False,0
1000,model.safetensors,blocks.1.mlp.c_fc.weight,transposed,512,2048,1048576,4194304,1042391,1048570,31,8232837,1.9628612995147705,True,False,0
1000,model.safetensors,blocks.1.mlp.c_proj.weight,original,512,2048,1048576,4194304,1042524,1048572,31,8233377,1.9629900455474854,True,False,0
1000,model.safetensors,blocks.1.mlp.c_proj.weight,transposed,2048,512,1048576,4194304,1042524,1048558,29,7971183,1.9004781246185303,True,False,0
1000,model.safetensors,blocks.2.attn.c_k.weight,original,512,512,262144,1048576,261698,262144,27,1931592,1.8421096801757812,True,False,0
1000,model.safetensors,blocks.2.attn.c_k.weight,transposed,512,512,262144,1048576,261698,262144,27,1931592,1.8421096801757812,True,False,0
1000,model.safetensors,blocks.2.attn.c_proj.weight,original,512,512,262144,1048576,261701,262144,27,1931604,1.8421211242675781,True,False,0
1000,model.safetensors,blocks.2.attn.c_proj.weight,transposed,512,512,262144,1048576,261701,262140,27,1931591,1.8421087265014648,True,False,0
1000,model.safetensors,blocks.2.attn.c_q.weight,original,512,512,262144,1048576,261676,262142,27,1931498,1.842020034790039,True,False,0
1000,model.safetensors,blocks.2.attn.c_q.weight,transposed,512,512,262144,1048576,261676,262140,27,1931491,1.8420133590698242,True,False,0
1000,model.safetensors,blocks.2.attn.c_v.weight,original,512,512,262144,1048576,261666,262140,27,1931451,1.841975212097168,True,False,0
1000,model.safetensors,blocks.2.attn.c_v.weight,transposed,512,512,262144,1048576,261666,262138,27,1931444,1.8419685363769531,True,False,0
1000,model.safetensors,blocks.2.mlp.c_fc.weight,original,2048,512,1048576,4194304,1042502,1048552,29,7971073,1.900451898574829,True,False,0
1000,model.safetensors,blocks.2.mlp.c_fc.weight,transposed,512,2048,1048576,4194304,1042502,1048574,31,8233297,1.9629709720611572,True,False,0
1000,model.safetensors,blocks.2.mlp.c_proj.weight,original,512,2048,1048576,4194304,1042617,1048564,31,8233718,1.963071346282959,True,False,0
1000,model.safetensors,blocks.2.mlp.c_proj.weight,transposed,2048,512,1048576,4194304,1042617,1048560,29,7971562,1.9005684852600098,True,False,0
1000,model.safetensors,blocks.3.attn.c_k.weight,original,512,512,262144,1048576,261682,262144,27,1931528,1.8420486450195312,True,False,0
1000,model.safetensors,blocks.3.attn.c_k.weight,transposed,512,512,262144,1048576,261682,262144,27,1931528,1.8420486450195312,True,False,0
1000,model.safetensors,blocks.3.attn.c_proj.weight,original,512,512,262144,1048576,261675,262142,27,1931494,1.8420162200927734,True,False,0
1000,model.safetensors,blocks.3.attn.c_proj.weight,transposed,512,512,262144,1048576,261675,262142,27,1931494,1.8420162200927734,True,False,0
1000,model.safetensors,blocks.3.attn.c_q.weight,original,512,512,262144,1048576,261637,262142,27,1931342,1.8418712615966797,True,False,0
1000,model.safetensors,blocks.3.attn.c_q.weight,transposed,512,512,262144,1048576,261637,262144,27,1931348,1.8418769836425781,True,False,0
1000,model.safetensors,blocks.3.attn.c_v.weight,original,512,512,262144,1048576,261657,262144,27,1931428,1.8419532775878906,True,False,0
1000,model.safetensors,blocks.3.attn.c_v.weight,transposed,512,512,262144,1048576,261657,262144,27,1931428,1.8419532775878906,True,False,0
1000,model.safetensors,blocks.3.attn.ve_gate.weight,original,4,32,128,512,128,128,13,784,1.53125,True,False,0
1000,model.safetensors,blocks.3.attn.ve_gate.weight,transposed,32,4,128,512,128,128,10,736,1.4375,True,False,0
1000,model.safetensors,blocks.3.mlp.c_fc.weight,original,2048,512,1048576,4194304,1042138,1048548,29,7969603,1.9001014232635498,True,False,0
1000,model.safetensors,blocks.3.mlp.c_fc.weight,transposed,512,2048,1048576,4194304,1042138,1048574,31,8231841,1.9626238346099854,True,False,0
1000,model.safetensors,blocks.3.mlp.c_proj.weight,original,512,2048,1048576,4194304,1042181,1048562,31,8231966,1.962653636932373,True,False,0
1000,model.safetensors,blocks.3.mlp.c_proj.weight,transposed,2048,512,1048576,4194304,1042181,1048556,29,7969804,1.9001493453979492,True,False,0
1000,model.safetensors,blocks.4.attn.c_k.weight,original,512,512,262144,1048576,261697,262140,27,1931575,1.8420934677124023,True,False,0
1000,model.safetensors,blocks.4.attn.c_k.weight,transposed,512,512,262144,1048576,261697,262144,27,1931588,1.8421058654785156,True,False,0
1000,model.safetensors,blocks.4.attn.c_proj.weight,original,512,512,262144,1048576,261664,262140,27,1931443,1.8419675827026367,True,False,0
1000,model.safetensors,blocks.4.attn.c_proj.weight,transposed,512,512,262144,1048576,261664,262144,27,1931456,1.84197998046875,True,False,0
1000,model.safetensors,blocks.4.attn.c_q.weight,original,512,512,262144,1048576,261627,262142,27,1931302,1.8418331146240234,True,False,0
1000,model.safetensors,blocks.4.attn.c_q.weight,transposed,512,512,262144,1048576,261627,262142,27,1931302,1.8418331146240234,True,False,0
1000,model.safetensors,blocks.4.attn.c_v.weight,original,512,512,262144,1048576,261698,262144,27,1931592,1.8421096801757812,True,False,0
1000,model.safetensors,blocks.4.attn.c_v.weight,transposed,512,512,262144,1048576,261698,262142,27,1931586,1.8421039581298828,True,False,0
1000,model.safetensors,blocks.4.mlp.c_fc.weight,original,2048,512,1048576,4194304,1042348,1048554,29,7970465,1.9003069400787354,True,False,0
1000,model.safetensors,blocks.4.mlp.c_fc.weight,transposed,512,2048,1048576,4194304,1042348,1048568,31,8232657,1.9628183841705322,True,False,0
1000,model.safetensors,blocks.4.mlp.c_proj.weight,original,512,2048,1048576,4194304,1042363,1048566,31,8232710,1.9628310203552246,True,False,0
1000,model.safetensors,blocks.4.mlp.c_proj.weight,transposed,2048,512,1048576,4194304,1042363,1048544,29,7970488,1.9003124237060547,True,False,0
1000,model.safetensors,blocks.5.attn.c_k.weight,original,512,512,262144,1048576,261696,262142,27,1931578,1.8420963287353516,True,False,0
1000,model.safetensors,blocks.5.attn.c_k.weight,transposed,512,512,262144,1048576,261696,262138,27,1931564,1.8420829772949219,True,False,0
1000,model.safetensors,blocks.5.attn.c_proj.weight,original,512,512,262144,1048576,261696,262140,27,1931571,1.8420896530151367,True,False,0
1000,model.safetensors,blocks.5.attn.c_proj.weight,transposed,512,512,262144,1048576,261696,262144,27,1931584,1.84210205078125,True,False,0
1000,model.safetensors,blocks.5.attn.c_q.weight,original,512,512,262144,1048576,261658,262144,27,1931432,1.8419570922851562,True,False,0
1000,model.safetensors,blocks.5.attn.c_q.weight,transposed,512,512,262144,1048576,261658,262142,27,1931426,1.8419513702392578,True,False,0
1000,model.safetensors,blocks.5.attn.c_v.weight,original,512,512,262144,1048576,261673,262142,27,1931486,1.8420085906982422,True,False,0
1000,model.safetensors,blocks.5.attn.c_v.weight,transposed,512,512,262144,1048576,261673,262140,27,1931479,1.8420019149780273,True,False,0
1000,model.safetensors,blocks.5.attn.ve_gate.weight,original,4,32,128,512,128,128,13,784,1.53125,True,False,0
1000,model.safetensors,blocks.5.attn.ve_gate.weight,transposed,32,4,128,512,128,128,10,736,1.4375,True,False,0
1000,model.safetensors,blocks.5.mlp.c_fc.weight,original,2048,512,1048576,4194304,1042377,1048556,29,7970588,1.9003362655639648,True,False,0
1000,model.safetensors,blocks.5.mlp.c_fc.weight,transposed,512,2048,1048576,4194304,1042377,1048576,31,8232804,1.9628534317016602,True,False,0
1000,model.safetensors,blocks.5.mlp.c_proj.weight,original,512,2048,1048576,4194304,1042588,1048574,31,8233641,1.9630529880523682,True,False,0
1000,model.safetensors,blocks.5.mlp.c_proj.weight,transposed,2048,512,1048576,4194304,1042588,1048548,29,7971403,1.9005305767059326,True,False,0
1000,model.safetensors,blocks.6.attn.c_k.weight,original,512,512,262144,1048576,261682,262138,27,1931508,1.8420295715332031,True,False,0
1000,model.safetensors,blocks.6.attn.c_k.weight,transposed,512,512,262144,1048576,261682,262140,27,1931515,1.842036247253418,True,False,0
1000,model.safetensors,blocks.6.attn.c_proj.weight,original,512,512,262144,1048576,261704,262140,27,1931603,1.8421201705932617,True,False,0
1000,model.safetensors,blocks.6.attn.c_proj.weight,transposed,512,512,262144,1048576,261704,262144,27,1931616,1.842132568359375,True,False,0
1000,model.safetensors,blocks.6.attn.c_q.weight,original,512,512,262144,1048576,261677,262140,27,1931495,1.8420171737670898,True,False,0
1000,model.safetensors,blocks.6.attn.c_q.weight,transposed,512,512,262144,1048576,261677,262138,27,1931488,1.842010498046875,True,False,0
1000,model.safetensors,blocks.6.attn.c_v.weight,original,512,512,262144,1048576,261692,262144,27,1931568,1.8420867919921875,True,False,0
1000,model.safetensors,blocks.6.attn.c_v.weight,transposed,512,512,262144,1048576,261692,262144,27,1931568,1.8420867919921875,True,False,0
1000,model.safetensors,blocks.6.mlp.c_fc.weight,original,2048,512,1048576,4194304,1042451,1048552,29,7970869,1.9004032611846924,True,False,0
1000,model.safetensors,blocks.6.mlp.c_fc.weight,transposed,512,2048,1048576,4194304,1042451,1048562,31,8233046,1.9629111289978027,True,False,0
1000,model.safetensors,blocks.6.mlp.c_proj.weight,original,512,2048,1048576,4194304,1042539,1048566,31,8233414,1.962998867034912,True,False,0
1000,model.safetensors,blocks.6.mlp.c_proj.weight,transposed,2048,512,1048576,4194304,1042539,1048544,29,7971192,1.9004802703857422,True,False,0
1000,model.safetensors,blocks.7.attn.c_k.weight,original,512,512,262144,1048576,261644,262140,27,1931363,1.8418912887573242,True,False,0
1000,model.safetensors,blocks.7.attn.c_k.weight,transposed,512,512,262144,1048576,261644,262140,27,1931363,1.8418912887573242,True,False,0
1000,model.safetensors,blocks.7.attn.c_proj.weight,original,512,512,262144,1048576,261674,262142,27,1931490,1.8420124053955078,True,False,0
1000,model.safetensors,blocks.7.attn.c_proj.weight,transposed,512,512,262144,1048576,261674,262142,27,1931490,1.8420124053955078,True,False,0
1000,model.safetensors,blocks.7.attn.c_q.weight,original,512,512,262144,1048576,261689,262144,27,1931556,1.8420753479003906,True,False,0
1000,model.safetensors,blocks.7.attn.c_q.weight,transposed,512,512,262144,1048576,261689,262142,27,1931550,1.8420696258544922,True,False,0
1000,model.safetensors,blocks.7.attn.c_v.weight,original,512,512,262144,1048576,261710,262144,27,1931640,1.8421554565429688,True,False,0
1000,model.safetensors,blocks.7.attn.c_v.weight,transposed,512,512,262144,1048576,261710,262144,27,1931640,1.8421554565429688,True,False,0
1000,model.safetensors,blocks.7.attn.ve_gate.weight,original,4,32,128,512,128,128,13,784,1.53125,True,False,0
1000,model.safetensors,blocks.7.attn.ve_gate.weight,transposed,32,4,128,512,128,128,10,736,1.4375,True,False,0
1000,model.safetensors,blocks.7.mlp.c_fc.weight,original,2048,512,1048576,4194304,1042854,1048556,29,7972496,1.9007911682128906,True,False,0
1000,model.safetensors,blocks.7.mlp.c_fc.weight,transposed,512,2048,1048576,4194304,1042854,1048570,31,8234689,1.9633028507232666,True,False,0
1000,model.safetensors,blocks.7.mlp.c_proj.weight,original,512,2048,1048576,4194304,1042896,1048568,31,8234849,1.9633409976959229,True,False,0
1000,model.safetensors,blocks.7.mlp.c_proj.weight,transposed,2048,512,1048576,4194304,1042896,1048562,29,7972686,1.90083646774292,True,False,0
1000,model.safetensors,lm_head.weight,original,32768,512,16777216,67108864,14891185,16756726,33,128686299,1.9175752848386765,True,True,0
1000,model.safetensors,lm_head.weight,transposed,512,32768,16777216,67108864,14891185,16777068,39,141353011,2.106324002146721,True,True,0
1000,model.safetensors,value_embeds.1.weight,original,32768,512,16777216,67108864,15220145,16770471,33,130058837,1.9380276948213577,True,True,0
1000,model.safetensors,value_embeds.1.weight,transposed,512,32768,16777216,67108864,15220145,16777084,39,142668929,2.1259327083826065,True,True,0
1000,model.safetensors,value_embeds.3.weight,original,32768,512,16777216,67108864,15237797,16770448,33,130129350,1.9390784204006195,True,True,0
1000,model.safetensors,value_embeds.3.weight,transposed,512,32768,16777216,67108864,15237797,16777094,39,142739586,2.12698557972908,True,True,0
1000,model.safetensors,value_embeds.5.weight,original,32768,512,16777216,67108864,15242696,16770787,33,130150345,1.9393912702798843,True,True,0
1000,model.safetensors,value_embeds.5.weight,transposed,512,32768,16777216,67108864,15242696,16777094,39,142759182,2.127277582883835,True,True,0
1000,model.safetensors,value_embeds.7.weight,original,32768,512,16777216,67108864,15253299,16770865,33,130193079,1.9400280565023422,True,True,0
1000,model.safetensors,value_embeds.7.weight,transposed,512,32768,16777216,67108864,15253299,16777116,39,142801701,2.127911165356636,True,True,0
1000,model.safetensors,wte.weight,original,32768,512,16777216,67108864,15036302,16769819,33,129320776,1.9270297288894653,True,True,0
1000,model.safetensors,wte.weight,transposed,512,32768,16777216,67108864,15036302,16777120,39,141933732,2.1149774193763733,True,True,0
1000,optimizer.safetensors,adam.lm_head.weight.m,original,32768,512,16777216,67108864,16045198,16773556,33,133371775,1.987394317984581,True,True,0
1000,optimizer.safetensors,adam.lm_head.weight.m,transposed,512,32768,16777216,67108864,16045198,16777094,39,145969190,2.1751104295253754,True,True,0
1000,optimizer.safetensors,adam.lm_head.weight.v,original,32768,512,16777216,67108864,15666745,16772180,33,131852287,1.9647521823644638,True,True,0
1000,optimizer.safetensors,adam.lm_head.weight.v,transposed,512,32768,16777216,67108864,15666745,16777016,39,144454997,2.1525471955537796,True,True,0
1000,optimizer.safetensors,adam.value_embeds.1.weight.m,original,32768,512,16777216,67108864,15685049,16316761,33,130046900,1.9378498196601868,True,True,458011
1000,optimizer.safetensors,adam.value_embeds.1.weight.m,transposed,512,32768,16777216,67108864,15685049,16318889,39,142294844,2.120358407497406,True,True,458011
1000,optimizer.safetensors,adam.value_embeds.1.weight.v,original,32768,512,16777216,67108864,15115745,16604454,33,128956417,1.9216003566980362,True,True,166150
1000,optimizer.safetensors,adam.value_embeds.1.weight.v,transposed,512,32768,16777216,67108864,15115745,16610680,39,141440109,2.1076218634843826,True,True,166150
1000,optimizer.safetensors,adam.value_embeds.3.weight.m,original,32768,512,16777216,67108864,15709352,16313645,33,130131258,1.9391068518161774,True,True,461061
1000,optimizer.safetensors,adam.value_embeds.3.weight.m,transposed,512,32768,16777216,67108864,15709352,16315879,39,142377383,2.121588334441185,True,True,461061
1000,optimizer.safetensors,adam.value_embeds.3.weight.v,original,32768,512,16777216,67108864,15270797,16598197,33,129550815,1.9304575771093369,True,True,172918
1000,optimizer.safetensors,adam.value_embeds.3.weight.v,transposed,512,32768,16777216,67108864,15270797,16603990,39,142027704,2.1163777112960815,True,True,172918
1000,optimizer.safetensors,adam.value_embeds.5.weight.m,original,32768,512,16777216,67108864,15712570,16315112,33,130150181,1.9393888264894485,True,True,459614
1000,optimizer.safetensors,adam.value_embeds.5.weight.m,transposed,512,32768,16777216,67108864,15712570,16317298,39,142397172,2.12188321352005,True,True,459614
1000,optimizer.safetensors,adam.value_embeds.5.weight.v,original,32768,512,16777216,67108864,15273592,16595369,33,129550330,1.9304503500461578,True,True,175582
1000,optimizer.safetensors,adam.value_embeds.5.weight.v,transposed,512,32768,16777216,67108864,15273592,16601326,39,142025897,2.1163507848978043,True,True,175582
1000,optimizer.safetensors,adam.value_embeds.7.weight.m,original,32768,512,16777216,67108864,15717092,16313542,33,130161793,1.9395618587732315,True,True,461060
1000,optimizer.safetensors,adam.value_embeds.7.weight.m,transposed,512,32768,16777216,67108864,15717092,16315926,39,142408572,2.12205308675766,True,True,461060
1000,optimizer.safetensors,adam.value_embeds.7.weight.v,original,32768,512,16777216,67108864,15335643,16598621,33,129811948,1.9343487620353699,True,True,172362
1000,optimizer.safetensors,adam.value_embeds.7.weight.v,transposed,512,32768,16777216,67108864,15335643,16604588,39,142290003,2.1202862709760666,True,True,172362
1000,optimizer.safetensors,adam.wte.weight.m,original,32768,512,16777216,67108864,15644814,16345941,33,130006327,1.9372452348470688,True,True,428495
1000,optimizer.safetensors,adam.wte.weight.m,transposed,512,32768,16777216,67108864,15644814,16348257,39,142277073,2.12009359896183,True,True,428495
1000,optimizer.safetensors,adam.wte.weight.v,original,32768,512,16777216,67108864,14670080,16622581,33,127248531,1.8961508721113205,True,True,145882
1000,optimizer.safetensors,adam.wte.weight.v,transposed,512,32768,16777216,67108864,14670080,16630732,39,139755203,2.0825148075819016,True,True,145882
1000,optimizer.safetensors,muon.blocks.0.attn.c_k.weight,original,512,512,262144,1048576,261646,262142,27,1931378,1.8419055938720703,True,False,0
1000,optimizer.safetensors,muon.blocks.0.attn.c_k.weight,transposed,512,512,262144,1048576,261646,262142,27,1931378,1.8419055938720703,True,False,0
1000,optimizer.safetensors,muon.blocks.0.attn.c_proj.weight,original,512,512,262144,1048576,261736,262136,27,1931717,1.842228889465332,True,False,0
1000,optimizer.safetensors,muon.blocks.0.attn.c_proj.weight,transposed,512,512,262144,1048576,261736,262140,27,1931731,1.8422422409057617,True,False,0
1000,optimizer.safetensors,muon.blocks.0.attn.c_q.weight,original,512,512,262144,1048576,261660,262140,27,1931427,1.8419523239135742,True,False,0
1000,optimizer.safetensors,muon.blocks.0.attn.c_q.weight,transposed,512,512,262144,1048576,261660,262144,27,1931440,1.8419647216796875,True,False,0
1000,optimizer.safetensors,muon.blocks.0.attn.c_v.weight,original,512,512,262144,1048576,261678,262144,27,1931512,1.8420333862304688,True,False,0
1000,optimizer.safetensors,muon.blocks.0.attn.c_v.weight,transposed,512,512,262144,1048576,261678,262140,27,1931499,1.8420209884643555,True,False,0
1000,optimizer.safetensors,muon.blocks.0.mlp.c_fc.weight,original,2048,512,1048576,4194304,1042325,1048542,29,7970329,1.9002745151519775,True,False,0
1000,optimizer.safetensors,muon.blocks.0.mlp.c_fc.weight,transposed,512,2048,1048576,4194304,1042325,1048560,31,8232534,1.9627890586853027,True,False,0
1000,optimizer.safetensors,muon.blocks.0.mlp.c_proj.weight,original,512,2048,1048576,4194304,1041657,1048566,31,8229886,1.9621577262878418,True,False,0
1000,optimizer.safetensors,muon.blocks.0.mlp.c_proj.weight,transposed,2048,512,1048576,4194304,1041657,1048534,29,7967628,1.8996305465698242,True,False,0
1000,optimizer.safetensors,muon.blocks.1.attn.c_k.weight,original,512,512,262144,1048576,261728,262142,27,1931706,1.8422183990478516,True,False,0
1000,optimizer.safetensors,muon.blocks.1.attn.c_k.weight,transposed,512,512,262144,1048576,261728,262144,27,1931712,1.84222412109375,True,False,0
1000,optimizer.safetensors,muon.blocks.1.attn.c_proj.weight,original,512,512,262144,1048576,261667,262138,27,1931448,1.8419723510742188,True,False,0
1000,optimizer.safetensors,muon.blocks.1.attn.c_proj.weight,transposed,512,512,262144,1048576,261667,262142,27,1931462,1.8419857025146484,True,False,0
1000,optimizer.safetensors,muon.blocks.1.attn.c_q.weight,original,512,512,262144,1048576,261737,262142,27,1931742,1.8422527313232422,True,False,0
1000,optimizer.safetensors,muon.blocks.1.attn.c_q.weight,transposed,512,512,262144,1048576,261737,262142,27,1931742,1.8422527313232422,True,False,0
1000,optimizer.safetensors,muon.blocks.1.attn.c_v.weight,original,512,512,262144,1048576,261741,262144,27,1931764,1.8422737121582031,True,False,0
1000,optimizer.safetensors,muon.blocks.1.attn.c_v.weight,transposed,512,512,262144,1048576,261741,262142,27,1931758,1.8422679901123047,True,False,0
1000,optimizer.safetensors,muon.blocks.1.attn.ve_gate.weight,original,4,32,128,512,128,128,13,784,1.53125,True,False,0
1000,optimizer.safetensors,muon.blocks.1.attn.ve_gate.weight,transposed,32,4,128,512,128,128,10,736,1.4375,True,False,0
1000,optimizer.safetensors,muon.blocks.1.mlp.c_fc.weight,original,2048,512,1048576,4194304,1043514,1048554,29,7975129,1.901418924331665,True,False,0
1000,optimizer.safetensors,muon.blocks.1.mlp.c_fc.weight,transposed,512,2048,1048576,4194304,1043514,1048568,31,8237321,1.963930368423462,True,False,0
1000,optimizer.safetensors,muon.blocks.1.mlp.c_proj.weight,original,512,2048,1048576,4194304,1043462,1048568,31,8237113,1.9638807773590088,True,False,0
1000,optimizer.safetensors,muon.blocks.1.mlp.c_proj.weight,transposed,2048,512,1048576,4194304,1043462,1048542,29,7974877,1.9013588428497314,True,False,0
1000,optimizer.safetensors,muon.blocks.2.attn.c_k.weight,original,512,512,262144,1048576,261704,262144,27,1931616,1.842132568359375,True,False,0
1000,optimizer.safetensors,muon.blocks.2.attn.c_k.weight,transposed,512,512,262144,1048576,261704,262144,27,1931616,1.842132568359375,True,False,0
1000,optimizer.safetensors,muon.blocks.2.attn.c_proj.weight,original,512,512,262144,1048576,261709,262140,27,1931623,1.8421392440795898,True,False,0
1000,optimizer.safetensors,muon.blocks.2.attn.c_proj.weight,transposed,512,512,262144,1048576,261709,262140,27,1931623,1.8421392440795898,True,False,0
1000,optimizer.safetensors,muon.blocks.2.attn.c_q.weight,original,512,512,262144,1048576,261704,262144,27,1931616,1.842132568359375,True,False,0
1000,optimizer.safetensors,muon.blocks.2.attn.c_q.weight,transposed,512,512,262144,1048576,261704,262138,27,1931596,1.8421134948730469,True,False,0
1000,optimizer.safetensors,muon.blocks.2.attn.c_v.weight,original,512,512,262144,1048576,261730,262140,27,1931707,1.842219352722168,True,False,0
1000,optimizer.safetensors,muon.blocks.2.attn.c_v.weight,transposed,512,512,262144,1048576,261730,262144,27,1931720,1.8422317504882812,True,False,0
1000,optimizer.safetensors,muon.blocks.2.mlp.c_fc.weight,original,2048,512,1048576,4194304,1043762,1048560,29,7976142,1.901660442352295,True,False,0
1000,optimizer.safetensors,muon.blocks.2.mlp.c_fc.weight,transposed,512,2048,1048576,4194304,1043762,1048564,31,8238298,1.9641633033752441,True,False,0
1000,optimizer.safetensors,muon.blocks.2.mlp.c_proj.weight,original,512,2048,1048576,4194304,1043693,1048564,31,8238022,1.964097499847412,True,False,0
1000,optimizer.safetensors,muon.blocks.2.mlp.c_proj.weight,transposed,2048,512,1048576,4194304,1043693,1048558,29,7975859,1.9015929698944092,True,False,0
1000,optimizer.safetensors,muon.blocks.3.attn.c_k.weight,original,512,512,262144,1048576,261704,262144,27,1931616,1.842132568359375,True,False,0
1000,optimizer.safetensors,muon.blocks.3.attn.c_k.weight,transposed,512,512,262144,1048576,261704,262142,27,1931610,1.8421268463134766,True,False,0
1000,optimizer.safetensors,muon.blocks.3.attn.c_proj.weight,original,512,512,262144,1048576,261670,262144,27,1931480,1.8420028686523438,True,False,0
1000,optimizer.safetensors,muon.blocks.3.attn.c_proj.weight,transposed,512,512,262144,1048576,261670,262140,27,1931467,1.8419904708862305,True,False,0
1000,optimizer.safetensors,muon.blocks.3.attn.c_q.weight,original,512,512,262144,1048576,261738,262144,27,1931752,1.8422622680664062,True,False,0
1000,optimizer.safetensors,muon.blocks.3.attn.c_q.weight,transposed,512,512,262144,1048576,261738,262142,27,1931746,1.8422565460205078,True,False,0
1000,optimizer.safetensors,muon.blocks.3.attn.c_v.weight,original,512,512,262144,1048576,261726,262142,27,1931698,1.8422107696533203,True,False,0
1000,optimizer.safetensors,muon.blocks.3.attn.c_v.weight,transposed,512,512,262144,1048576,261726,262140,27,1931691,1.8422040939331055,True,False,0
1000,optimizer.safetensors,muon.blocks.3.attn.ve_gate.weight,original,4,32,128,512,128,128,13,784,1.53125,True,False,0
1000,optimizer.safetensors,muon.blocks.3.attn.ve_gate.weight,transposed,32,4,128,512,128,128,10,736,1.4375,True,False,0
1000,optimizer.safetensors,muon.blocks.3.mlp.c_fc.weight,original,2048,512,1048576,4194304,1044145,1048556,29,7977660,1.902022361755371,True,False,0
1000,optimizer.safetensors,muon.blocks.3.mlp.c_fc.weight,transposed,512,2048,1048576,4194304,1044145,1048560,31,8239814,1.964524745941162,True,False,0
1000,optimizer.safetensors,muon.blocks.3.mlp.c_proj.weight,original,512,2048,1048576,4194304,1044504,1048568,31,8241281,1.964874505996704,True,False,0
1000,optimizer.safetensors,muon.blocks.3.mlp.c_proj.weight,transposed,2048,512,1048576,4194304,1044504,1048568,29,7979139,1.9023749828338623,True,False,0
1000,optimizer.safetensors,muon.blocks.4.attn.c_k.weight,original,512,512,262144,1048576,261668,262140,27,1931459,1.8419828414916992,True,False,0
1000,optimizer.safetensors,muon.blocks.4.attn.c_k.weight,transposed,512,512,262144,1048576,261668,262142,27,1931466,1.841989517211914,True,False,0
1000,optimizer.safetensors,muon.blocks.4.attn.c_proj.weight,original,512,512,262144,1048576,261680,262144,27,1931520,1.842041015625,True,False,0
1000,optimizer.safetensors,muon.blocks.4.attn.c_proj.weight,transposed,512,512,262144,1048576,261680,262144,27,1931520,1.842041015625,True,False,0
1000,optimizer.safetensors,muon.blocks.4.attn.c_q.weight,original,512,512,262144,1048576,261667,262140,27,1931455,1.8419790267944336,True,False,0
1000,optimizer.safetensors,muon.blocks.4.attn.c_q.weight,transposed,512,512,262144,1048576,261667,262144,27,1931468,1.8419914245605469,True,False,0
1000,optimizer.safetensors,muon.blocks.4.attn.c_v.weight,original,512,512,262144,1048576,261752,262142,27,1931802,1.8423099517822266,True,False,0
1000,optimizer.safetensors,muon.blocks.4.attn.c_v.weight,transposed,512,512,262144,1048576,261752,262144,27,1931808,1.842315673828125,True,False,0
1000,optimizer.safetensors,muon.blocks.4.mlp.c_fc.weight,original,2048,512,1048576,4194304,1043416,1048562,29,7974766,1.9013323783874512,True,False,0
1000,optimizer.safetensors,muon.blocks.4.mlp.c_fc.weight,transposed,512,2048,1048576,4194304,1043416,1048564,31,8236914,1.9638333320617676,True,False,0
1000,optimizer.safetensors,muon.blocks.4.mlp.c_proj.weight,original,512,2048,1048576,4194304,1043676,1048562,31,8237946,1.9640793800354004,True,False,0
1000,optimizer.safetensors,muon.blocks.4.mlp.c_proj.weight,transposed,2048,512,1048576,4194304,1043676,1048556,29,7975784,1.9015750885009766,True,False,0
1000,optimizer.safetensors,muon.blocks.5.attn.c_k.weight,original,512,512,262144,1048576,261647,262140,27,1931375,1.841902732849121,True,False,0
1000,optimizer.safetensors,muon.blocks.5.attn.c_k.weight,transposed,512,512,262144,1048576,261647,262140,27,1931375,1.841902732849121,True,False,0
1000,optimizer.safetensors,muon.blocks.5.attn.c_proj.weight,original,512,512,262144,1048576,261647,262142,27,1931382,1.841909408569336,True,False,0
1000,optimizer.safetensors,muon.blocks.5.attn.c_proj.weight,transposed,512,512,262144,1048576,261647,262140,27,1931375,1.841902732849121,True,False,0
1000,optimizer.safetensors,muon.blocks.5.attn.c_q.weight,original,512,512,262144,1048576,261724,262142,27,1931690,1.842203140258789,True,False,0
1000,optimizer.safetensors,muon.blocks.5.attn.c_q.weight,transposed,512,512,262144,1048576,261724,262142,27,1931690,1.842203140258789,True,False,0
1000,optimizer.safetensors,muon.blocks.5.attn.c_v.weight,original,512,512,262144,1048576,261739,262144,27,1931756,1.8422660827636719,True,False,0
1000,optimizer.safetensors,muon.blocks.5.attn.c_v.weight,transposed,512,512,262144,1048576,261739,262140,27,1931743,1.8422536849975586,True,False,0
1000,optimizer.safetensors,muon.blocks.5.attn.ve_gate.weight,original,4,32,128,512,128,128,13,784,1.53125,True,False,0
1000,optimizer.safetensors,muon.blocks.5.attn.ve_gate.weight,transposed,32,4,128,512,128,128,10,736,1.4375,True,False,0
1000,optimizer.safetensors,muon.blocks.5.mlp.c_fc.weight,original,2048,512,1048576,4194304,1043124,1048562,29,7973598,1.9010539054870605,True,False,0
1000,optimizer.safetensors,muon.blocks.5.mlp.c_fc.weight,transposed,512,2048,1048576,4194304,1043124,1048566,31,8235754,1.9635567665100098,True,False,0
1000,optimizer.safetensors,muon.blocks.5.mlp.c_proj.weight,original,512,2048,1048576,4194304,1043001,1048564,31,8235254,1.963437557220459,True,False,0
1000,optimizer.safetensors,muon.blocks.5.mlp.c_proj.weight,transposed,2048,512,1048576,4194304,1043001,1048548,29,7973055,1.9009244441986084,True,False,0
1000,optimizer.safetensors,muon.blocks.6.attn.c_k.weight,original,512,512,262144,1048576,261744,262142,27,1931770,1.8422794342041016,True,False,0
1000,optimizer.safetensors,muon.blocks.6.attn.c_k.weight,transposed,512,512,262144,1048576,261744,262144,27,1931776,1.84228515625,True,False,0
1000,optimizer.safetensors,muon.blocks.6.attn.c_proj.weight,original,512,512,262144,1048576,261698,262140,27,1931579,1.842097282409668,True,False,0
1000,optimizer.safetensors,muon.blocks.6.attn.c_proj.weight,transposed,512,512,262144,1048576,261698,262142,27,1931586,1.8421039581298828,True,False,0
1000,optimizer.safetensors,muon.blocks.6.attn.c_q.weight,original,512,512,262144,1048576,261712,262144,27,1931648,1.8421630859375,True,False,0
1000,optimizer.safetensors,muon.blocks.6.attn.c_q.weight,transposed,512,512,262144,1048576,261712,262144,27,1931648,1.8421630859375,True,False,0
1000,optimizer.safetensors,muon.blocks.6.attn.c_v.weight,original,512,512,262144,1048576,261715,262144,27,1931660,1.8421745300292969,True,False,0
1000,optimizer.safetensors,muon.blocks.6.attn.c_v.weight,transposed,512,512,262144,1048576,261715,262142,27,1931654,1.8421688079833984,True,False,0
1000,optimizer.safetensors,muon.blocks.6.mlp.c_fc.weight,original,2048,512,1048576,4194304,1043016,1048554,29,7973137,1.9009439945220947,True,False,0
1000,optimizer.safetensors,muon.blocks.6.mlp.c_fc.weight,transposed,512,2048,1048576,4194304,1043016,1048566,31,8235322,1.963453769683838,True,False,0
1000,optimizer.safetensors,muon.blocks.6.mlp.c_proj.weight,original,512,2048,1048576,4194304,1042541,1048570,31,8233437,1.9630043506622314,True,False,0
1000,optimizer.safetensors,muon.blocks.6.mlp.c_proj.weight,transposed,2048,512,1048576,4194304,1042541,1048556,29,7971244,1.9004926681518555,True,False,0
1000,optimizer.safetensors,muon.blocks.7.attn.c_k.weight,original,512,512,262144,1048576,261707,262140,27,1931615,1.8421316146850586,True,False,0
1000,optimizer.safetensors,muon.blocks.7.attn.c_k.weight,transposed,512,512,262144,1048576,261707,262144,27,1931628,1.8421440124511719,True,False,0
1000,optimizer.safetensors,muon.blocks.7.attn.c_proj.weight,original,512,512,262144,1048576,261689,262142,27,1931550,1.8420696258544922,True,False,0
1000,optimizer.safetensors,muon.blocks.7.attn.c_proj.weight,transposed,512,512,262144,1048576,261689,262142,27,1931550,1.8420696258544922,True,False,0
1000,optimizer.safetensors,muon.blocks.7.attn.c_q.weight,original,512,512,262144,1048576,261715,262142,27,1931654,1.8421688079833984,True,False,0
1000,optimizer.safetensors,muon.blocks.7.attn.c_q.weight,transposed,512,512,262144,1048576,261715,262142,27,1931654,1.8421688079833984,True,False,0
1000,optimizer.safetensors,muon.blocks.7.attn.c_v.weight,original,512,512,262144,1048576,261714,262138,27,1931636,1.8421516418457031,True,False,0
1000,optimizer.safetensors,muon.blocks.7.attn.c_v.weight,transposed,512,512,262144,1048576,261714,262142,27,1931650,1.8421649932861328,True,False,0
1000,optimizer.safetensors,muon.blocks.7.attn.ve_gate.weight,original,4,32,128,512,128,128,13,784,1.53125,True,False,0
1000,optimizer.safetensors,muon.blocks.7.attn.ve_gate.weight,transposed,32,4,128,512,128,128,10,736,1.4375,True,False,0
1000,optimizer.safetensors,muon.blocks.7.mlp.c_fc.weight,original,2048,512,1048576,4194304,1043704,1048556,29,7975896,1.901601791381836,True,False,0
1000,optimizer.safetensors,muon.blocks.7.mlp.c_fc.weight,transposed,512,2048,1048576,4194304,1043704,1048566,31,8238074,1.9641098976135254,True,False,0
1000,optimizer.safetensors,muon.blocks.7.mlp.c_proj.weight,original,512,2048,1048576,4194304,1043450,1048570,31,8237073,1.9638712406158447,True,False,0
1000,optimizer.safetensors,muon.blocks.7.mlp.c_proj.weight,transposed,2048,512,1048576,4194304,1043450,1048548,29,7974851,1.9013526439666748,True,False,0
